[
    {
        "username": "huyky7",
        "password": "doccos102",
        "cookie": "c_user=100011139101301;xs=22%3AS1M9h2LRSkyY-A%3A2%3A1605798896%3A19113%3A7227%3A%3AAcUVsuOa1l6faiWUvt_BvgdVTogKBQsbbr4SFMxhng;datr=LBa1X2qWbDVW9LX0l6Mgn-H7;",
        "name_fb": "Huuhong Duong"
    },
    {
        "username": "huyky3",
        "password": "doccos102",
        "cookie": "c_user=100010129057059;xs=42%3AVFDO0y3sz2ET2A%3A2%3A1604326649%3A5708%3A6239;datr=-RSgX7JvKGbaI9oJOLWYnLIu;",
        "name_fb": "Hoang Nguyen"
    }
]